id,URL_of_Anchor,Result,Query_date,having_IP_Address,valid_IP_Address,Request_URL,URL_Length,SSLfinal_State,SFH,web_traffic,popUpWindow
0,-1,-1,2013-07-18,No,0,1,0,0,1,0,-1
1,0,-1,2013-07-28,Yes,1,1,-2,1,1,0,0
2,-1,-1,2013-06-16,No,0,0,0,1,1,1,0
3,1,-1,2014-02-20,No,0,-1,1,1,1,-1,
4,1,-1,2014-02-06,No,0,2,-1,-1,1,1,0
5,1,-1,2013-09-12,No,0,-1,0,0,1,-1,-1
6,-1,-1,2013-12-10,No,0,0,0,1,1,0,0
7,-1,-1,2013-05-16,No,0,0,-1,-1,1,,0
8,1,-1,2013-04-27,No,0,-1,0,0,-1,-1,-1
9,1,-1,2013-07-15,No,0,1,0,1,0,2,0
10,1,-1,2014-04-18,No,0,-2,0,-1,1,0,0
11,,-1,2013-05-26,No,0,0,0,1,1,-1,0
12,1,-1,2013-04-30,No,0,-1,0,0,1,1,1
13,-1,-1,2013-06-27,No,3,-1,0,1,1,0,1
14,-1,-1,2013-07-08,No,0,-1,0,1,1,,0
15,-1,-1,2013-10-16,No,0,-2,1,-1,1,-1,0
16,1,-1,2013-07-23,No,0,-1,-1,1,1,-1,-1
17,1,-1,2014-02-04,No,0,1,1,-1,1,-1,1
18,1,-1,2014-02-17,No,0,-1,1,1,1,-1,0
19,-1,-1,2013-06-20,No,-3,0,0,1,-1,0,0
20,0,-1,2013-06-10,No,0,1,0,1,1,-1,1
21,1,-1,2013-06-20,Yes,1,3,-1,1,1,0,0
22,-1,-1,2014-01-28,No,0,0,-1,1,1,-1,0
23,1,-1,2014-03-23,Yes,1,-1,0,1,1,-1,1
24,1,-1,2014-01-06,No,0,1,1,1,,-1,0
25,1,-1,2013-04-21,No,0,1,0,0,1,0,-1
26,1,-1,2013-06-01,Yes,1,1,0,1,1,-2,1
27,1,-1,2014-03-28,No,0,1,1,1,1,-1,0
28,-1,-1,2014-01-20,No,0,0,0,0,1,0,1
29,1,-1,2014-02-14,No,0,1,1,1,1,-1,3
30,-1,-1,2013-10-19,No,0,0,,1,1,1,0
31,1,-1,2014-02-21,No,0,-1,-1,0,1,0,1
32,1,-1,2013-07-01,No,0,1,0,1,1,0,-1
33,0,-1,2014-02-13,Yes,1,1,-1,1,1,0,0
34,-1,-1,2014-02-01,No,,0,1,1,1,2,1
35,1,-1,2013-06-13,No,0,,-1,1,1,0,1
36,-1,-1,2013-06-09,No,0,1,-1,3,-1,1,-1
37,-1,-1,2013-12-28,Yes,1,-1,0,1,1,-1,0
38,-1,-1,2014-03-09,No,0,,1,1,1,-1,0
39,1,-1,2013-10-03,No,0,1,1,1,1,-1,0
40,2,-1,2013-11-17,No,0,1,0,1,1,-1,0
41,1,-1,2013-07-31,No,0,-1,1,1,1,0,0
42,2,-1,2013-09-22,No,0,1,1,1,1,0,1
43,1,-1,2013-11-03,Yes,1,1,0,1,1,1,1
44,1,-1,2014-04-06,No,0,1,0,-1,1,0,0
45,1,-1,2013-09-07,No,0,1,1,-1,1,-1,0
46,0,-1,2013-04-25,No,0,1,1,1,1,0,0
47,-1,-1,2013-07-29,No,0,0,1,3,1,-1,-1
48,1,-1,2014-03-21,No,0,1,1,1,1,0,0
49,0,-1,2014-02-18,No,0,1,-1,0,1,0,1
50,-1,-1,2013-09-18,No,0,-1,-1,0,-1,1,0
51,-1,-1,2013-11-03,No,0,0,0,3,1,0,1
52,0,-1,2013-06-22,No,0,,0,1,-1,-1,1
53,1,-1,2013-06-20,No,0,-1,-1,-1,1,0,0
54,-1,-1,2013-08-10,No,0,0,-1,1,1,-1,0
55,-1,-3,2014-04-03,No,0,0,1,1,1,,-1
56,1,-1,2014-01-21,No,0,1,0,1,1,-3,0
57,0,-1,2013-05-09,No,0,0,3,-1,-1,1,1
58,1,3,2013-09-15,No,0,-1,1,1,1,1,0
59,1,-1,2013-06-05,Yes,1,-1,-1,1,1,1,0
60,1,-1,2014-03-06,Yes,-2,1,-1,1,1,-1,1
61,-1,-1,2014-02-03,No,0,0,1,-1,1,1,0
62,1,-1,2013-12-15,No,0,-1,0,1,1,-1,-1
63,1,-1,2013-12-19,No,0,1,-1,0,-2,0,-1
64,1,-1,2014-02-15,Yes,1,-1,-1,1,1,-1,-1
65,1,-1,2013-05-30,No,0,1,-1,1,1,0,-1
66,1,-1,2013-07-05,No,0,-1,-1,1,1,-1,0
67,1,-1,2014-01-13,No,0,-1,0,1,1,-1,-1
68,0,-1,2014-01-14,No,0,1,0,0,1,-1,-1
69,-1,-1,2013-08-10,No,0,0,-1,1,1,1,0
70,-1,-2,2013-07-22,No,0,0,-1,1,1,-1,-1
71,1,-1,2014-03-28,No,0,2,-1,1,1,0,0
72,1,-1,2013-07-11,No,0,1,1,0,1,-1,-1
73,-1,-1,2013-10-31,No,0,-1,0,1,1,-3,1
74,-1,-1,2013-04-26,No,0,-1,-1,1,,-2,1
75,1,-1,2014-01-16,No,0,1,0,1,1,0,0
76,0,-1,2013-11-21,No,0,0,0,1,1,0,1
77,1,-1,2013-08-10,No,0,1,-1,0,1,,0
78,1,-1,2013-08-01,Yes,1,-1,0,1,1,0,1
79,1,-1,2013-11-16,No,0,-1,1,1,1,-1,1
80,1,-1,2014-03-09,No,0,-1,0,1,1,0,0
81,1,-1,2013-11-24,No,0,-1,0,1,1,0,0
82,1,2,2013-05-13,No,0,-1,-1,-1,1,1,1
83,1,-1,2013-10-11,Yes,1,1,0,-2,,-1,0
84,1,-1,2013-12-15,No,0,1,1,1,1,1,0
85,0,-1,2013-10-07,No,0,0,0,1,1,-1,-1
86,0,-1,2014-02-22,No,0,0,0,-2,1,0,0
87,1,-1,2013-05-10,No,0,1,,1,1,-1,1
88,2,-1,2013-05-19,Yes,1,0,0,1,-1,0,0
89,-1,-1,2014-02-23,No,0,0,-1,1,1,-1,0
90,-1,-1,2013-12-27,No,0,0,0,1,-1,-1,0
91,-1,-1,2013-10-16,No,0,0,0,1,1,1,1
92,-1,-1,2013-12-30,No,0,-1,0,1,1,0,-1
93,1,-1,2014-03-01,No,0,1,0,1,1,1,0
94,0,-1,2014-04-06,No,0,1,1,1,1,-1,0
95,0,-1,2013-09-25,No,0,1,0,1,1,-1,0
96,-1,-1,2014-03-06,No,0,0,0,1,1,-3,0
97,-1,-1,2014-01-21,Yes,1,0,-1,1,1,,-1
98,-1,-1,2013-04-23,No,0,3,0,1,-1,1,-1
99,0,-1,2014-03-18,No,0,0,0,-1,1,1,0
100,1,-1,2013-07-25,No,0,-1,0,1,1,-1,2
101,1,-1,2013-12-01,No,0,1,-1,1,1,-1,0
102,-1,,2014-04-17,No,0,0,0,1,1,1,0
103,1,-1,2013-12-21,No,0,1,,1,1,0,0
104,1,-1,2013-05-12,No,0,1,0,1,1,0,0
105,1,-1,2013-06-28,No,0,-1,1,1,1,-1,-1
106,1,-1,2013-05-05,Yes,1,,1,0,1,1,0
107,1,-1,2013-05-23,No,0,1,0,1,1,,1
108,-1,-1,2013-12-04,No,0,0,-1,1,1,0,
109,1,-1,2014-04-16,No,0,-1,-1,1,1,1,0
110,-1,-1,2014-01-22,Yes,1,0,1,1,1,1,0
111,-1,-1,2013-04-30,No,0,-1,-3,-1,1,1,0
112,-1,-1,2013-05-12,No,0,-1,0,0,1,0,0
113,1,-1,2013-06-01,No,0,-1,1,1,1,0,1
114,1,-1,2013-10-17,Yes,1,1,0,1,3,1,1
115,0,-1,2014-04-18,No,0,1,1,1,1,0,0
116,0,2,2014-02-24,No,0,1,-1,-1,1,1,0
117,0,-1,2014-04-07,No,,-1,0,1,-1,1,-1
118,-1,-1,2014-03-20,No,0,-1,0,1,1,1,1
119,1,-1,2013-04-29,No,0,1,0,1,1,-1,
120,-1,-1,2014-04-02,No,0,0,1,1,1,0,0
121,-1,-1,2014-03-05,No,0,0,1,1,1,-1,0
122,-1,-1,2013-07-23,No,0,0,0,1,1,0,0
123,1,-1,2013-11-17,No,0,1,0,1,1,0,0
124,1,-1,2013-08-14,No,0,-1,1,1,1,1,0
125,-1,-1,2013-04-25,No,0,0,-1,1,1,-1,1
126,-1,-1,2013-06-20,No,0,0,0,1,1,-1,1
127,1,-1,2013-11-26,No,0,1,-3,1,1,-1,1
128,-1,-1,2013-09-17,Yes,1,0,-1,1,1,,1
129,1,-1,2014-04-07,Yes,-2,1,1,1,1,-1,1
130,-1,-1,2013-12-15,No,0,0,0,1,1,1,-1
131,0,-1,2014-03-15,No,0,-1,-1,1,-1,0,0
132,-1,-1,2013-11-18,No,0,0,0,1,1,-1,0
133,1,-1,2013-10-14,No,0,1,-2,0,1,-1,0
134,-1,-1,2014-02-19,No,0,,1,1,-1,-1,0
135,1,-1,2013-10-01,No,0,1,1,1,1,0,-1
136,1,-1,2013-10-10,No,0,1,0,0,1,1,0
137,0,-1,2013-09-13,No,-3,1,0,0,1,1,-1
138,1,-1,2013-10-01,Yes,1,1,1,1,1,2,1
139,1,-1,2013-04-29,No,0,-1,1,1,1,0,0
140,0,-1,2013-07-01,No,0,1,1,1,1,0,-1
141,1,-1,2013-10-08,No,0,-1,1,1,1,-2,-1
142,0,-1,2014-01-05,Yes,1,0,1,1,-1,0,1
143,,-1,2014-01-15,No,0,1,0,1,1,-1,0
144,1,-1,2013-12-24,No,0,-1,0,1,1,-1,0
145,1,-1,2013-09-23,No,0,-1,1,1,1,-1,0
146,0,-1,2013-09-14,No,0,-1,-1,3,,1,-1
147,-1,-1,2013-07-16,No,0,-1,1,1,1,-1,
148,-1,2,2013-04-27,No,0,0,0,1,1,,0
149,-1,-1,2014-03-04,No,0,0,0,1,1,-1,0
150,1,-1,2013-08-18,No,0,1,1,-1,1,-1,
151,1,-1,2014-02-16,No,0,-1,1,1,1,1,-1
152,1,-1,2014-02-06,No,0,-1,1,1,1,0,0
153,1,-1,2014-02-06,No,0,-1,0,1,1,-1,0
154,1,-1,2013-07-03,No,0,,-1,1,1,-1,0
155,-1,,2014-01-01,No,0,-1,0,1,1,1,0
156,-1,-1,2013-09-01,No,0,-1,-2,1,1,-1,0
157,1,-1,2013-11-28,No,0,1,0,1,1,0,0
158,-1,-1,2013-05-15,Yes,1,-1,0,1,1,1,0
159,-1,-1,2013-05-25,Yes,1,3,1,0,1,-1,1
160,1,-1,2013-11-28,No,0,2,-1,1,1,1,-1
161,1,-1,2014-04-15,No,0,1,0,2,1,0,-1
162,-1,-1,2014-02-08,Yes,1,0,-1,1,1,-1,0
163,1,-1,2013-09-12,No,0,-1,0,-1,-3,1,1
164,-1,-1,2014-01-16,No,0,-3,1,1,1,0,0
165,1,-1,2013-09-13,No,0,-1,1,1,2,-1,0
166,-1,-1,2013-08-03,Yes,1,0,-1,1,1,1,-2
167,-1,-1,2013-07-04,No,0,-1,0,1,1,0,1
168,1,,2013-09-01,No,0,1,1,1,1,0,0
169,1,-1,2013-08-24,No,0,1,-1,1,0,0,0
170,1,-1,2013-07-27,Yes,1,1,-1,1,1,-1,-1
171,1,-1,2014-03-21,No,2,-1,0,0,1,0,-1
172,1,-1,2013-09-10,No,0,1,1,1,1,0,0
173,1,-1,2013-09-20,No,0,1,0,1,1,-1,0
174,1,-1,2013-07-18,No,0,-2,-1,0,,1,-1
175,-1,2,2013-08-03,No,0,0,1,1,1,1,0
176,0,-1,2014-03-06,No,0,0,0,1,-2,0,0
177,1,,2013-09-27,No,0,1,1,1,1,-1,1
178,-1,-1,2013-10-15,No,0,0,-1,0,1,-2,0
179,1,-1,2013-08-16,No,0,-1,-1,1,1,0,0
180,-1,-1,2014-03-01,No,0,0,1,1,1,0,0
181,-1,-1,2014-03-11,No,0,-1,0,0,1,-1,-1
182,-1,-1,2014-01-23,No,0,0,1,1,1,0,0
183,0,-1,2013-10-12,No,3,0,0,1,1,-1,1
184,1,-1,2013-06-25,No,0,1,-1,1,1,-1,
185,1,-1,2013-10-17,No,0,-1,0,,1,0,0
186,1,-1,2013-09-21,No,0,-1,0,0,1,1,0
187,0,-1,2013-06-09,No,0,0,0,1,1,-1,0
188,1,-1,2013-09-19,Yes,1,-1,-1,1,1,-1,0
189,,-1,2013-06-04,No,0,1,0,1,1,0,0
190,1,-1,2013-12-24,No,0,1,2,0,1,0,-1
191,0,-1,2013-06-23,No,0,1,0,,1,1,1
192,1,-1,2013-06-15,No,0,1,0,0,-1,0,-1
193,1,-1,2013-08-28,No,0,1,-1,1,2,1,0
194,-1,-1,2013-11-13,No,0,0,0,1,-1,0,0
195,1,-1,2013-07-22,No,0,1,-1,0,1,-1,1
196,1,-1,2014-02-19,Yes,,1,0,1,1,-1,1
197,1,-1,2014-01-11,No,0,-1,0,0,1,0,-1
198,-1,-1,2014-02-20,No,0,0,1,1,1,0,
199,1,-1,2013-09-21,No,0,-1,-1,1,1,-1,-1
200,,-1,2013-11-06,Yes,1,-1,1,1,1,1,0
201,0,-1,2014-01-18,No,0,0,0,1,,0,0
202,1,-1,2013-12-26,No,0,1,1,1,,-1,-1
203,-2,-1,2013-05-14,No,0,1,-1,0,1,0,-1
204,0,-1,2013-10-29,Yes,1,0,0,1,1,0,0
205,1,-1,2014-03-11,No,0,1,-1,1,1,-1,0
206,0,-1,2013-09-04,No,0,1,0,1,1,0,0
207,0,-1,2013-08-22,No,0,0,0,1,1,0,1
208,1,-1,2013-10-13,No,0,1,-2,1,1,-1,
209,-1,-1,2013-06-29,No,0,0,1,1,1,0,0
210,1,-1,2013-12-27,No,0,1,0,1,1,0,0
211,-1,-1,2013-07-17,No,0,0,0,1,1,-1,-1
212,1,-2,2014-02-16,No,0,1,,1,1,-1,0
213,1,-1,2013-10-23,No,0,-1,-1,1,1,1,1
214,1,-1,2014-02-23,No,0,,0,3,1,-1,0
215,-1,-1,2013-07-11,No,0,0,0,1,1,0,0
216,1,-1,2014-02-22,No,0,-1,0,-3,1,-1,0
217,1,-1,2013-05-26,No,0,1,-1,0,1,0,0
218,1,-1,2013-12-24,No,0,1,0,,1,0,-1
219,1,-1,2013-10-09,No,0,,0,-1,1,-1,0
220,1,-1,2014-03-29,No,0,-1,0,1,1,0,1
221,1,-1,2013-05-10,No,0,-1,0,1,1,1,1
222,-1,-1,2013-10-17,No,0,0,-1,0,1,0,1
223,-1,-1,2013-09-28,No,-3,-1,-1,1,-1,1,-1
224,1,-1,2013-11-02,No,0,1,1,1,1,1,-1
225,1,-1,2014-01-07,No,0,1,0,,1,0,0
226,0,-1,2014-02-26,No,0,0,0,1,1,-1,0
227,-1,-1,2013-10-20,No,0,-1,1,1,1,-2,0
228,1,-1,2013-11-20,No,0,1,-1,1,-3,0,0
229,1,-1,2013-07-03,Yes,1,1,0,1,-1,-1,0
230,1,-1,2013-11-14,No,0,1,0,,1,1,1
231,1,-1,2013-12-05,No,0,1,0,1,1,0,0
232,0,-1,2014-03-18,No,0,1,-1,1,1,-3,0
233,1,-1,2013-07-10,No,0,1,0,-1,1,1,0
234,0,,2014-03-07,No,0,0,-1,1,1,0,0
235,1,-1,2013-05-09,No,0,1,1,1,1,1,0
236,0,-1,2013-08-22,No,0,0,-1,1,1,1,0
237,0,-1,2013-07-19,No,0,1,3,,1,1,0
238,1,-1,2014-01-13,No,0,1,0,1,1,0,0
239,1,-1,2014-02-25,No,0,-1,1,0,1,-1,-1
240,1,-1,2013-10-27,Yes,1,-1,1,1,1,1,1
241,1,-1,2013-09-23,No,0,-1,0,-3,1,-1,1
242,1,-1,2013-06-23,Yes,1,-1,-1,1,1,-1,
243,-1,-1,2013-05-10,No,0,0,-1,1,1,0,0
244,0,-1,2013-06-23,No,0,1,,1,1,-1,0
245,1,-2,2014-01-30,No,0,-1,0,-1,1,1,0
246,1,-1,2014-04-14,No,0,-1,0,1,1,-1,-1
247,-1,-1,2013-07-09,Yes,1,-1,0,1,1,-1,1
248,0,-1,2013-12-30,No,0,0,1,1,1,1,0
249,1,-1,2013-06-29,No,0,1,1,1,1,0,0
250,0,-1,2013-07-16,No,0,1,0,-1,1,1,1
251,-1,-1,2013-05-22,No,0,0,1,1,1,0,1
252,1,-1,2013-06-04,No,0,1,0,1,1,3,0
253,1,-1,2013-05-19,No,0,-1,0,1,1,-1,0
254,-1,2,2013-12-24,No,0,-1,0,-1,1,1,1
255,-1,-1,2013-08-18,No,0,-1,0,-1,1,1,0
256,1,-1,2014-03-03,No,0,-1,1,1,1,-1,0
257,-1,-1,2014-04-14,No,0,0,0,1,1,-1,0
258,1,-1,2013-05-13,No,2,1,-1,0,1,1,-1
259,1,-1,2014-03-04,No,0,1,1,1,1,0,0
260,1,-1,2014-01-08,No,0,1,1,1,1,3,0
261,-1,-1,2013-11-12,No,0,0,1,1,-1,1,0
262,-1,-1,2013-08-02,No,0,0,,1,1,0,0
263,1,-1,2013-12-07,No,0,-3,-1,1,1,-1,0
264,1,3,2013-09-10,No,0,-1,0,1,1,-1,0
265,1,-1,2014-02-04,No,0,-1,1,1,1,-3,1
266,0,-1,2014-03-11,No,0,0,0,1,-1,,0
267,0,-1,2013-10-17,Yes,1,0,1,1,1,1,0
268,0,-1,2013-12-12,No,0,0,0,-2,1,1,-1
269,-1,-1,2014-03-24,No,0,0,-1,1,1,-1,1
270,0,-1,2014-04-02,No,0,-1,-1,0,1,-1,-1
271,1,-1,2013-12-08,No,0,-1,0,1,1,1,2
272,1,-1,2013-09-02,Yes,1,1,0,1,1,-1,1
273,-1,-1,2014-04-14,No,0,-2,1,1,,0,0
274,-1,-1,2013-07-27,No,0,-1,0,1,1,-1,1
275,-1,-1,2013-07-17,No,0,,1,1,1,1,0
276,-1,-1,2013-05-08,No,0,1,-1,0,1,-1,-1
277,-1,-1,2013-05-29,No,0,0,1,1,1,0,
278,1,-1,2013-11-23,No,0,1,0,1,1,1,0
279,1,-1,2013-09-03,No,0,-1,-1,1,1,1,-1
280,1,-1,2014-02-19,No,0,-1,1,1,1,-1,0
281,1,-1,2013-12-28,No,0,-1,0,1,1,1,-1
282,-1,,2013-08-09,No,0,1,0,1,-1,1,-1
283,1,-1,2013-10-11,No,0,1,-1,1,1,0,1
284,1,-1,2013-10-05,No,,-1,0,1,1,-1,-1
285,1,-1,2013-05-23,No,0,-1,0,1,1,0,-1
286,1,-1,2014-01-05,No,0,-1,0,-1,1,-1,3
287,1,-1,2013-08-19,No,0,-1,-1,1,1,-1,
288,0,-1,2014-04-11,No,0,1,1,1,1,0,0
289,1,-1,2014-01-28,No,0,3,0,1,1,0,0
290,0,-1,2013-09-25,No,0,0,1,1,-1,,0
291,1,-1,2013-08-21,No,0,1,0,-1,-1,1,-2
292,1,-1,2013-10-21,No,0,,0,1,1,-1,1
293,1,-1,2013-11-16,Yes,1,-2,-1,0,1,-1,0
294,-1,-1,2014-02-27,No,0,0,0,1,1,0,0
295,-1,-1,2013-07-18,No,0,-1,-1,0,1,0,-1
296,1,-1,2013-08-24,No,0,1,-1,1,1,1,0
297,-1,-1,2013-11-22,No,0,0,-1,3,1,-1,0
298,0,-1,2013-06-05,No,0,1,0,,2,-1,0
299,1,-1,2014-01-03,No,0,-1,-1,1,1,-1,1
300,1,-1,2014-03-12,No,0,-1,0,1,1,-1,1
301,1,-1,2013-05-21,No,0,1,1,-2,1,1,1
302,1,-1,2013-10-26,No,0,-1,1,1,1,1,-1
303,1,-1,2014-02-03,No,0,1,1,1,1,-1,0
304,1,-1,2013-06-18,No,0,-1,1,1,1,0,0
305,1,-1,2013-12-12,No,0,-1,0,0,1,1,-1
306,1,,2013-08-24,No,0,1,1,1,1,-1,-1
307,,-1,2013-12-19,Yes,1,-1,0,1,1,-1,1
308,-1,-1,2014-03-14,No,0,0,0,1,1,0,0
309,-1,-1,2013-08-18,Yes,1,-1,-1,3,1,-1,0
310,-1,-1,2013-05-21,No,0,0,-1,1,-1,1,-1
311,-1,-1,2013-05-13,No,0,-1,-1,1,1,1,0
312,1,-1,2013-06-11,No,0,1,1,1,1,-1,1
313,-1,-1,2013-09-20,No,0,0,-1,1,1,-1,0
314,1,-1,2013-05-29,No,0,1,1,1,-3,1,0
315,1,-1,2013-08-04,No,0,-1,1,1,1,1,0
316,1,-1,2013-06-11,No,0,-1,0,1,1,-1,0
317,1,-1,2013-12-08,No,0,-1,1,1,1,-1,1
318,1,-1,2013-05-03,No,0,1,-1,1,1,-1,0
319,-1,-1,2013-06-20,No,0,-1,-1,1,1,-1,0
320,-1,-1,2013-10-07,No,0,-1,0,1,1,0,-1
321,1,-1,2014-04-03,No,0,-1,-1,0,1,0,-1
322,0,-1,2013-12-06,Yes,2,1,-1,1,1,0,0
323,1,-1,2013-09-15,No,0,1,1,-1,1,-1,0
324,-1,-1,2014-02-19,No,0,0,-1,1,1,0,0
325,1,-1,2014-01-09,No,0,1,1,2,,0,0
326,0,,2014-02-18,No,0,0,0,1,-1,-1,-1
327,-1,,2013-10-05,No,0,-1,1,0,1,-1,-1
328,1,-1,2013-07-28,No,0,1,0,-1,1,1,1
329,3,-1,2013-09-04,No,,1,0,1,1,0,1
330,1,-1,2013-09-08,No,0,1,0,0,-1,-1,-1
331,1,-1,2013-09-15,No,0,-1,0,1,1,0,0
332,1,-1,2013-12-07,Yes,1,-1,1,1,1,-1,0
333,0,-1,2013-12-22,No,0,1,0,1,1,0,0
334,1,-1,2014-03-17,No,0,-1,-1,1,1,-1,2
335,-1,-1,2013-09-13,No,0,-1,0,1,1,0,0
336,1,-1,2013-04-24,No,0,1,0,1,1,1,0
337,1,-1,2014-01-19,No,0,1,-1,1,1,-1,1
338,1,-1,2013-11-02,No,0,-1,-1,0,1,-1,-1
339,1,-1,2014-03-03,Yes,1,1,1,1,,-3,0
340,1,-1,2013-06-07,No,0,-1,-1,1,1,0,0
341,1,-1,2014-01-29,Yes,1,-1,1,1,1,1,0
342,1,-1,2014-03-15,No,0,1,-1,0,1,-1,-2
343,1,-1,2013-05-02,No,0,1,1,1,1,-1,1
344,0,-1,2013-08-14,Yes,1,1,-1,1,1,-2,1
345,-2,-1,2014-03-05,No,0,1,0,0,1,0,
346,1,-1,2013-11-26,No,0,1,0,1,1,1,0
347,0,-1,2013-10-23,Yes,1,0,0,1,1,2,1
348,0,-1,2013-05-16,No,0,0,1,1,-1,-1,1
349,-1,-1,2013-09-14,No,0,1,0,-1,1,0,0
350,1,-1,2014-03-24,No,0,-1,0,1,1,0,
351,1,-1,2014-03-13,No,0,-1,-1,1,1,-1,0
352,-1,-1,2013-06-11,No,0,0,0,1,1,1,0
353,-1,-1,2013-04-30,Yes,1,0,0,1,1,1,0
354,,-1,2013-07-30,No,0,-1,1,1,1,0,-1
355,1,-1,2013-09-12,No,0,1,1,1,1,0,0
356,1,-1,2013-04-26,No,0,1,1,1,-1,0,0
357,0,-1,2013-05-14,No,2,-1,-1,1,-1,1,-1
358,0,-1,2013-06-10,No,0,1,0,1,1,1,0
359,-1,3,2013-10-22,No,0,0,0,1,1,-1,0
360,1,-1,2013-09-29,No,0,1,-1,1,1,1,1
361,1,-1,2014-01-25,No,0,-1,0,1,-3,1,0
362,1,-1,2013-12-10,No,0,-1,0,1,1,0,1
363,1,-1,2013-08-23,No,0,-1,-1,1,1,0,1
364,1,-1,2013-05-09,No,0,1,1,-1,1,-1,1
365,-1,,2014-02-06,No,0,0,0,1,1,-1,1
366,1,-1,2014-01-29,No,0,-1,-1,1,1,0,1
367,1,-1,2013-08-14,No,,1,-1,1,1,0,-1
368,0,-1,2013-04-28,No,0,1,0,1,1,-1,-1
369,1,-1,2014-03-23,No,0,1,0,1,1,-1,0
370,1,-1,2013-07-08,No,0,-1,0,1,1,1,0
371,-1,-1,2014-04-04,No,0,-1,0,1,1,-1,1
372,1,-1,2013-06-21,No,0,1,-1,1,1,1,0
373,-1,-1,2013-07-10,No,0,-1,0,1,1,-1,0
374,1,-1,2013-11-14,No,0,-1,1,1,-2,-1,0
375,1,-1,2013-05-13,Yes,1,-1,-1,1,1,1,0
376,-1,-1,2013-11-15,No,0,-1,0,0,-2,-1,-1
377,1,-1,2013-04-23,No,0,-1,1,1,,0,1
378,1,-1,2013-08-01,No,0,-1,0,1,1,1,0
379,1,-1,2013-05-04,No,0,1,-1,1,1,-3,-1
380,-1,-1,2013-04-29,Yes,1,0,1,0,-1,-1,-2
381,1,-1,2013-07-08,No,0,1,0,-1,1,0,0
382,-1,-1,2013-12-31,No,,1,0,0,1,0,0
383,-1,-1,2013-09-03,No,0,0,1,1,1,0,0
384,-1,-1,2014-03-22,Yes,1,0,1,-1,1,0,0
385,0,-1,2013-11-07,No,0,1,1,1,1,1,-1
386,-1,-1,2013-06-17,No,0,-1,0,1,1,-1,1
387,1,-1,2014-01-30,No,0,1,1,-2,1,0,1
388,-3,-1,2013-09-07,No,0,0,-1,1,1,0,-1
389,1,-1,2014-04-20,No,0,1,0,1,1,0,0
390,1,-1,2013-09-03,No,0,1,0,,1,-1,0
391,-1,-1,2013-06-11,No,0,0,-1,1,1,1,0
392,1,-1,2013-08-17,No,0,1,-1,-1,1,1,0
393,1,-1,2013-05-26,No,0,-1,0,-2,1,-1,-1
394,1,-1,2013-11-23,No,0,1,0,0,1,-1,-1
395,-1,-3,2013-04-23,No,0,-1,0,1,1,0,0
396,-1,-1,2013-07-18,No,0,0,0,1,1,-1,0
397,-1,-1,2013-12-10,No,0,0,-1,1,1,-2,0
398,1,-1,2014-01-10,No,0,-1,1,1,1,-1,-1
399,1,-1,2013-12-26,Yes,1,1,1,-1,1,1,0
400,-1,3,2013-10-22,No,0,-1,-1,1,1,0,
401,0,-1,2013-12-21,Yes,1,0,0,1,1,,0
402,1,-1,2014-01-24,No,0,1,-1,1,1,-1,0
403,1,2,2014-03-07,No,0,-1,0,-1,1,1,0
404,-1,-1,2013-10-18,No,0,-1,-1,,-3,-1,0
405,1,2,2013-09-09,No,0,1,-1,1,1,1,0
406,1,-1,2013-06-25,No,0,1,1,1,1,0,1
407,-1,-1,2014-01-11,No,0,0,-1,1,1,-1,0
408,0,-1,2013-12-01,No,2,1,-1,1,1,-1,-1
409,-1,-1,2013-04-24,No,0,0,1,1,1,0,-1
410,1,-1,2013-06-19,No,0,-1,-1,1,1,-1,1
411,-1,-1,2014-01-20,No,0,0,,1,1,0,0
412,-1,-1,2013-09-09,No,0,0,-1,1,1,1,1
413,0,-1,2014-01-15,No,0,1,0,1,,0,0
414,-1,-1,2014-01-05,No,0,0,1,1,1,-1,-1
415,1,-1,2013-05-12,No,-3,-1,1,1,1,-1,0
416,1,-2,2013-08-08,No,0,1,-1,1,1,0,0
417,1,-1,2013-07-01,No,0,1,0,1,1,1,1
418,-1,3,2013-10-30,No,0,0,-1,1,-1,1,-1
419,,-1,2013-09-16,No,0,2,-1,0,1,-1,-1
420,1,-1,2013-05-08,No,0,1,1,1,1,-1,0
421,1,-1,2013-07-19,No,0,1,0,0,1,0,0
422,1,-3,2014-03-13,No,0,1,0,-1,1,-1,0
423,-1,-1,2013-07-07,No,0,0,1,-1,-1,0,0
424,1,-1,2014-03-03,Yes,1,1,0,1,-1,-1,0
425,1,-1,2014-03-22,No,0,-1,1,1,1,1,1
426,1,-1,2014-04-19,No,0,1,0,0,1,-1,0
427,1,-1,2014-03-21,No,0,1,1,1,1,1,0
428,1,-1,2013-11-23,No,0,-1,1,1,1,1,1
429,1,-1,2014-01-24,No,0,1,0,1,1,-2,0
430,1,-1,2014-01-04,Yes,1,,0,1,1,-1,0
431,1,-1,2014-02-17,No,0,-1,,0,-1,-1,-1
432,1,-1,2013-09-13,No,0,1,-1,1,1,0,0
433,-2,-1,2013-06-06,No,0,-1,1,1,1,0,1
434,0,-1,2013-11-05,No,0,1,1,1,1,0,1
435,1,,2013-05-14,No,0,1,0,0,1,0,0
436,-1,-1,2013-05-03,No,0,0,1,1,1,0,0
437,1,,2013-10-03,No,0,-1,0,1,1,-1,1
438,0,-3,2013-05-05,Yes,1,0,1,1,1,0,0
439,1,-1,2014-03-09,No,0,-1,1,1,1,0,1
440,,-1,2013-07-14,No,0,1,-1,0,1,1,0
441,0,-1,2014-01-11,No,0,0,0,1,1,0,1
442,1,-1,2013-07-22,No,0,-1,1,1,1,-1,0
443,,-1,2013-12-25,No,0,-1,-1,1,1,0,0
444,0,-1,2013-07-17,No,0,-1,1,1,,-1,0
445,1,-1,2013-06-03,No,,-1,1,1,1,0,0
446,-1,-1,2014-03-10,No,0,-1,0,-2,1,-1,0
447,1,-1,2013-10-25,No,0,-1,0,1,1,-1,1
448,1,-1,2014-03-22,No,0,1,1,1,1,0,0
449,1,-1,2013-10-26,No,,-1,1,1,1,-1,1
450,1,-1,2013-11-18,No,0,1,1,-1,1,0,1
451,1,-1,2013-08-13,No,0,-1,1,1,1,0,0
452,1,-1,2013-05-09,No,0,1,1,1,1,1,0
453,-2,-1,2013-11-22,No,0,1,,1,1,1,0
454,1,-1,2014-04-06,Yes,1,1,-1,1,1,0,0
455,1,-1,2013-08-24,No,0,1,0,-1,1,1,0
456,-1,-1,2013-06-20,No,0,0,1,1,1,0,0
457,1,-1,2013-07-09,No,0,-1,0,1,1,-1,0
458,1,-1,2013-12-09,No,0,1,0,0,1,-1,0
459,1,-1,2013-06-25,No,0,1,1,1,1,0,-1
460,-3,-1,2013-11-01,No,0,-1,0,1,1,-1,0
461,1,-1,2013-06-18,No,0,1,0,-1,-2,1,0
462,1,-1,2013-07-01,No,,1,1,1,1,1,3
463,-1,-1,2013-11-05,Yes,1,-3,0,1,1,0,0
464,-1,-1,2013-08-09,No,0,0,0,0,1,1,0
465,0,-1,2014-04-17,Yes,1,0,1,1,1,1,0
466,1,-1,2013-08-07,No,0,1,-1,1,1,1,0
467,-1,-1,2013-09-28,No,0,0,3,0,1,-1,0
468,1,-1,2013-10-13,No,0,1,0,1,1,1,0
469,-1,-1,2014-02-20,No,0,-2,-1,0,-1,0,1
470,1,-1,2013-12-14,No,0,-1,-1,-1,1,1,
471,1,-1,2013-11-26,Yes,-3,-1,-1,1,1,-1,0
472,1,-1,2013-11-20,Yes,1,-1,-1,1,1,-1,1
473,1,-1,2014-04-07,No,0,1,0,1,1,0,1
474,-1,-1,2013-05-25,No,0,0,1,1,-1,0,1
475,1,-1,2013-09-07,No,0,-1,-1,1,1,0,
476,1,-1,2013-08-23,Yes,1,-1,0,1,1,0,-3
477,1,-1,2013-12-22,Yes,1,-1,1,1,1,-1,0
478,-1,-1,2013-09-05,No,0,0,0,1,-1,-1,0
479,-1,-1,2014-04-08,No,0,-2,1,,1,-1,1
480,-1,-1,2013-09-18,No,0,0,-3,1,1,0,0
481,-1,,2014-03-11,No,0,-1,0,-1,1,0,0
482,0,-3,2013-06-10,No,0,0,0,1,-1,-1,1
483,1,-1,2013-11-16,No,0,-1,-3,1,1,0,1
484,-1,-1,2014-01-11,Yes,1,-1,0,1,1,-1,0
485,-1,-1,2013-05-18,No,0,0,1,1,1,-1,3
486,,-1,2014-01-26,No,0,1,0,-1,-1,-1,1
487,-1,-1,2013-04-24,No,-2,0,-1,0,1,-1,
488,-1,-1,2014-02-01,Yes,1,0,-1,1,1,-1,0
489,1,-1,2013-12-27,No,0,1,-1,1,1,1,1
490,1,-1,2013-06-28,Yes,1,-1,-2,1,1,-1,0
491,0,-1,2013-04-23,No,0,0,0,1,-1,1,0
492,1,-1,2013-05-24,No,0,-1,0,1,1,-1,-1
493,,-1,2013-05-08,No,0,-1,0,1,1,1,0
494,1,-1,2013-08-16,No,0,1,1,0,1,-1,-1
495,1,-1,2014-03-30,No,0,-1,1,-1,1,0,0
496,1,-1,2013-10-06,No,0,1,0,1,1,1,0
497,0,-1,2014-04-07,Yes,1,0,0,1,1,-3,0
498,-1,3,2013-08-31,No,0,0,0,1,-1,-1,0
499,-1,-1,2014-04-16,No,0,0,1,1,1,0,1
500,1,-1,2013-07-24,No,0,-1,0,1,1,,0
501,-1,-1,2014-01-01,No,0,-3,1,1,1,1,0
502,1,3,2013-11-28,Yes,1,-1,0,1,1,-1,0
503,1,-1,2013-09-25,Yes,1,-1,-1,1,1,,0
504,1,-1,2014-04-04,No,0,1,-1,1,1,-1,0
505,-1,-1,2013-10-02,No,0,0,-1,1,-1,,0
506,-1,-1,2013-04-21,No,0,0,0,1,1,0,0
507,-1,-1,2013-10-27,No,0,-1,1,-1,1,1,1
508,,-1,2013-12-16,No,0,1,0,1,-3,-1,0
509,-1,-1,2013-10-10,No,,0,1,1,1,1,0
510,1,-1,2014-01-05,No,0,-1,0,1,1,-1,1
511,,-1,2013-10-29,No,0,0,0,1,1,0,0
512,0,-1,2013-11-05,No,0,0,1,1,,-1,0
513,3,-1,2013-06-30,Yes,1,-1,-1,1,1,0,1
514,-1,-1,2013-07-09,No,0,0,-1,1,1,1,0
515,0,-1,2013-08-10,No,0,0,-1,1,,1,1
516,1,-1,2013-11-24,No,0,1,1,1,1,-1,1
517,1,-1,2013-04-22,Yes,1,1,0,-3,1,-1,1
518,0,-1,2013-10-04,No,0,-1,-1,1,-1,3,-1
519,0,2,2014-01-22,No,0,1,1,1,1,-1,0
520,0,-1,2013-07-17,No,0,0,0,1,-1,1,1
521,1,-3,2013-06-08,No,0,-1,0,1,1,-1,0
522,0,-1,2013-05-24,No,0,0,0,1,1,-1,1
523,3,-1,2013-04-24,No,0,-1,-1,1,,0,-1
524,0,-1,2013-06-26,No,0,0,0,1,-1,-1,2
525,1,-1,2013-12-15,No,0,1,1,1,1,0,-1
526,-1,-1,2014-02-21,No,0,0,-1,1,-3,0,0
527,1,-1,2014-01-17,No,0,-1,0,1,1,-1,-1
528,-1,-1,2014-01-08,No,0,0,0,1,1,0,0
529,1,-1,2014-03-14,No,0,-1,-1,-2,1,0,0
530,1,-1,2014-03-04,No,0,-1,1,1,1,0,0
531,0,-1,2013-08-03,No,0,1,1,1,1,0,
532,-1,-1,2014-01-26,Yes,1,0,-1,1,1,0,1
533,0,-1,2013-06-01,No,,0,1,1,1,3,1
534,-1,-1,2013-06-25,No,0,1,0,0,1,-1,0
535,-1,-1,2013-04-22,No,0,1,0,0,1,-1,-1
536,0,-1,2013-12-13,Yes,1,0,0,,-1,-1,0
537,-1,-1,2013-07-04,No,0,0,1,1,1,1,0
538,0,3,2013-06-19,Yes,1,1,1,1,1,1,0
539,-3,-1,2014-02-01,No,0,0,0,1,1,1,0
540,1,-1,2013-04-28,No,0,-1,0,,1,0,3
541,-1,-1,2013-11-30,No,0,0,1,1,1,-1,-1
542,1,-1,2014-04-11,No,0,1,1,1,1,1,1
543,-2,-1,2013-10-03,No,0,,0,-1,1,-1,1
544,1,-1,2013-05-05,No,0,-1,2,1,1,0,0
545,1,-1,2014-03-16,No,0,1,0,-1,1,-1,1
546,-1,-1,2013-05-16,No,0,,1,1,1,1,0
547,0,-1,2014-01-07,No,0,0,-1,-1,1,1,0
548,1,-1,2013-05-20,Yes,1,1,1,1,1,-1,
549,1,-1,2013-07-25,No,0,1,0,1,1,0,0
550,1,-1,2013-11-05,No,0,1,1,-1,-1,-1,0
551,0,-1,2013-09-28,Yes,1,0,1,1,1,-1,1
552,-1,-1,2014-03-25,No,0,-1,0,-1,1,1,0
553,-1,-1,2013-06-25,No,0,-1,1,1,1,1,1
554,1,-1,2013-05-08,Yes,1,-1,-1,1,1,0,0
555,1,-1,2014-04-21,No,0,-3,1,1,1,-1,0
556,1,-1,2013-12-18,No,0,-1,-1,-1,1,1,-1
557,-1,-1,2013-04-26,No,0,0,0,1,1,0,0
558,1,-1,2013-06-22,No,0,-1,1,1,1,1,1
559,1,-1,2014-03-31,No,0,1,0,1,1,-1,-1
560,1,-1,2013-06-13,No,0,0,0,0,1,,-1
561,1,-1,2013-07-21,No,0,-1,1,1,1,-1,0
562,0,-1,2013-09-10,Yes,1,0,0,1,1,-1,1
563,-1,-1,2014-02-24,No,,-2,1,1,1,1,0
564,-1,-1,2014-01-16,No,0,0,-1,0,1,0,1
565,0,-1,2013-05-22,No,0,-3,1,1,1,-1,0
566,1,-1,2013-11-19,No,0,-1,0,1,1,0,0
567,-1,-1,2014-04-07,No,0,-1,0,1,1,0,1
568,1,-1,2014-03-07,No,0,1,1,1,-3,0,0
569,-1,-1,2013-11-12,No,0,2,0,1,1,0,0
570,0,-1,2013-08-21,No,0,-2,0,1,1,-1,1
571,1,-1,2013-11-26,No,0,1,1,1,1,-1,-1
572,3,-1,2013-06-09,No,0,0,1,1,,1,-1
573,1,-1,2014-03-01,No,0,1,-1,0,1,-1,0
574,0,-1,2013-09-18,No,0,0,-1,1,1,0,0
575,-1,-1,2013-08-05,No,0,0,0,1,1,-1,-1
576,-1,-1,2014-04-13,No,0,-1,0,1,1,-1,1
577,0,-1,2013-06-30,Yes,1,1,-1,-3,1,-1,0
578,-1,-1,2013-10-22,No,2,0,-1,1,1,1,1
579,1,2,2013-06-01,No,0,1,1,1,1,0,0
580,-1,-1,2014-01-12,No,0,-1,0,-3,1,0,0
581,-1,-1,2013-06-28,No,0,0,0,1,1,0,0
582,-1,-1,2013-08-02,No,0,0,0,-1,1,1,0
583,0,-1,2014-03-16,No,0,1,-1,1,-1,1,0
584,-1,2,2013-07-03,No,0,-1,0,1,1,-1,0
585,0,-1,2013-08-28,No,0,0,0,1,1,-1,0
586,1,-1,2013-09-02,No,0,,1,1,3,0,0
587,-1,-1,2013-10-18,Yes,-3,0,-1,1,1,-1,0
588,-1,-1,2013-06-20,No,-3,0,0,1,1,0,0
589,1,-1,2014-01-27,No,0,-1,1,1,-2,0,0
590,1,-1,2013-06-19,No,0,-1,0,1,1,-1,0
591,1,-1,2013-07-07,No,0,-1,1,1,1,3,-1
592,1,-1,2014-04-10,No,0,-1,0,1,1,-1,1
593,1,-1,2013-12-15,No,0,-1,0,1,1,-1,0
594,1,-1,2014-01-06,No,0,1,-1,1,1,-1,1
595,-1,-1,2013-06-19,No,0,-1,-1,0,-1,0,-1
596,-1,-1,2013-08-18,No,0,0,1,1,1,1,0
597,1,-1,2013-09-08,No,0,1,0,1,1,0,0
598,,-1,2013-08-23,No,0,-1,-1,1,-1,0,-1
599,0,-1,2014-02-23,No,0,0,1,0,1,-1,-1
600,-1,-1,2013-06-14,Yes,1,0,-1,1,1,-1,0
601,0,-1,2014-01-15,Yes,1,1,-1,,1,-1,0
602,1,-1,2014-04-06,Yes,-2,1,,1,-1,-1,1
603,1,-1,2013-08-13,No,0,1,0,0,1,1,0
604,-1,-1,2013-10-01,No,0,-1,3,1,1,-1,0
605,2,-1,2014-04-02,No,0,1,1,1,1,1,1
606,-1,-1,2013-11-27,No,0,0,0,1,1,-1,0
607,-3,-1,2013-07-20,No,0,1,0,1,1,0,0
608,1,-1,2014-01-11,No,0,-1,-1,1,1,0,1
609,-1,-1,2013-07-24,No,0,0,1,1,1,-1,0
610,1,-1,2014-03-08,No,0,1,0,1,1,-1,1
611,0,3,2014-01-09,No,0,1,0,1,1,-1,0
612,1,-1,2013-10-13,No,0,1,0,1,1,-1,0
613,1,-1,2013-10-19,No,0,-1,0,1,1,1,0
614,0,-1,2014-03-29,No,0,1,-1,0,1,0,-3
615,,-1,2014-04-21,No,0,0,0,1,-1,0,0
616,1,-1,2013-07-11,Yes,1,1,-1,2,1,-1,-1
617,1,-1,2013-04-21,Yes,1,1,0,1,1,-1,0
618,-1,2,2013-10-04,No,0,0,0,1,1,0,0
619,-1,-1,2013-06-29,Yes,1,-1,0,1,1,0,1
620,1,-1,2013-12-23,No,0,-1,0,1,1,-1,0
621,1,-1,2013-09-21,No,0,1,-1,1,1,-1,0
622,1,-1,2013-10-01,No,0,1,1,-1,1,1,0
623,1,-1,2013-06-12,No,0,-1,1,1,1,0,0
624,,-1,2013-11-09,No,0,-1,-1,1,1,-1,0
625,1,-3,2014-04-12,No,0,-1,0,1,1,-1,1
626,1,-1,2013-06-23,No,0,-1,2,1,1,-1,0
627,1,-1,2013-07-23,No,2,1,0,-1,1,0,1
628,-1,-1,2014-03-10,No,0,0,1,1,1,-1,0
629,1,-1,2013-10-21,No,-3,1,-1,-1,,1,1
630,-1,-1,2014-02-02,No,0,-1,1,-1,1,1,0
631,1,-1,2013-12-13,No,0,1,1,1,-1,-1,0
632,-1,-1,2013-11-11,No,0,0,-1,0,1,-1,0
633,-1,,2013-07-22,No,0,0,1,1,1,-1,0
634,1,2,2014-02-26,Yes,1,-1,0,1,1,0,0
635,1,-1,2013-09-13,No,0,-1,-1,1,1,-1,
636,1,-1,2014-01-26,No,,1,0,-1,1,-1,0
637,1,3,2014-03-10,No,0,1,1,1,1,1,0
638,1,-1,2013-06-05,No,0,1,,-3,1,-1,1
639,2,-1,2014-01-30,No,0,1,1,1,1,1,-1
640,1,-1,2013-09-25,Yes,1,-1,1,1,1,0,0
641,-1,-1,2014-03-07,No,0,0,0,-1,1,1,0
642,-1,-1,2013-10-25,No,0,0,1,1,1,0,0
643,-1,,2013-07-14,No,0,0,0,1,1,0,0
644,-1,-1,2013-09-04,No,0,-1,0,1,-1,1,0
645,-1,-1,2014-03-03,No,0,0,-1,0,1,-1,1
646,1,-1,2013-05-03,No,0,1,0,1,1,-1,0
647,-1,-1,2013-05-07,No,0,0,0,1,-1,0,
648,1,-1,2013-08-15,No,0,1,-1,1,1,0,0
649,-1,0,2014-01-23,No,0,-1,1,1,,1,-1
650,-1,0,2014-01-28,No,0,-1,1,1,1,0,0
651,-1,0,2014-02-20,No,0,-1,-1,0,-1,-1,
652,-1,0,2013-12-16,No,0,-1,1,1,-1,-1,-1
653,1,0,2013-08-01,No,0,-1,1,-1,1,-1,1
654,-1,0,2013-06-18,Yes,1,-1,1,-1,-1,1,-1
655,1,0,2013-07-23,No,0,-1,-1,1,-1,0,-1
656,-1,0,2014-03-29,No,0,-1,1,3,,0,-1
657,-1,0,2013-06-17,No,0,-1,1,1,1,0,-1
658,-1,0,2014-04-15,No,0,-1,1,1,,1,-1
659,-1,0,2013-06-10,Yes,1,-1,1,1,1,0,0
660,,0,2014-04-19,No,0,0,-1,0,-1,-1,0
661,0,0,2013-09-21,No,0,-1,-1,1,1,1,-1
662,,0,2013-12-23,Yes,1,-1,1,1,-1,-3,1
663,1,0,2013-10-06,No,0,-1,0,1,2,1,-1
664,1,0,2014-03-29,Yes,1,-1,1,1,-1,1,0
665,0,0,2013-10-11,No,0,-1,-2,1,1,1,-1
666,-1,0,2013-12-25,No,0,-1,1,1,1,0,0
667,-1,0,2014-04-02,No,0,-1,1,1,1,-1,1
668,-1,,2013-08-12,No,0,0,-1,0,-1,-1,-3
669,2,0,2013-09-30,No,0,-1,-1,0,-1,-1,-1
670,1,0,2014-03-21,No,0,-1,0,1,-1,0,-1
671,-1,0,2013-12-20,No,0,-1,-1,0,-1,-1,0
672,1,0,2013-08-07,No,,-1,1,-1,1,-1,0
673,0,0,2014-04-07,No,0,0,0,0,0,0,0
674,2,0,2014-01-08,No,0,-1,0,0,-1,-1,0
675,1,0,2014-04-02,No,0,-1,1,-1,1,-1,0
676,0,0,2014-01-14,No,0,0,0,0,0,-1,-1
677,0,0,2013-06-04,No,0,0,0,-2,0,0,0
678,1,0,2013-05-03,No,0,-1,-1,1,-1,0,-1
679,0,0,2013-07-09,No,0,0,0,0,0,0,-1
680,-1,0,2014-03-22,No,0,-1,1,1,1,-1,0
681,0,0,2013-11-23,No,0,0,-1,0,0,-1,0
682,-1,0,2013-11-15,No,0,-1,0,0,-1,-1,-1
683,-1,0,2013-06-06,No,0,-1,1,1,1,1,0
684,1,0,2014-04-20,No,0,-1,0,1,-1,-1,1
685,1,0,2013-04-29,Yes,1,-1,0,1,-2,-1,1
686,-1,,2013-12-01,No,0,-1,0,0,-1,-1,0
687,-1,0,2013-06-22,No,0,-1,1,1,-1,1,-1
688,-1,0,2013-05-19,No,0,-1,1,3,-1,-1,0
689,0,0,2014-02-20,Yes,1,,1,0,0,-1,0
690,-1,0,2014-02-23,No,2,0,-1,0,-1,-1,-1
691,-1,0,2013-07-08,No,0,-1,1,1,-1,1,-1
692,1,0,2013-05-29,No,-3,-1,,1,-1,1,-1
693,-1,0,2013-11-03,No,0,-1,1,1,1,-1,0
694,-1,0,2013-10-27,No,0,-1,1,1,1,1,
695,0,0,2014-03-04,No,0,0,-1,0,0,1,-1
696,-1,0,2013-05-24,Yes,1,-1,1,1,1,1,1
697,1,0,2013-12-09,No,0,-1,0,1,-1,1,-1
698,0,,2013-05-12,No,-2,0,0,0,0,0,-1
699,-1,0,2014-02-08,Yes,1,-1,1,0,-1,-1,
700,-2,0,2013-10-17,No,0,,1,1,1,1,-1
701,0,0,2013-06-20,No,0,0,0,0,0,-1,-1
702,-1,0,2014-02-04,Yes,1,-1,1,1,1,1,0
703,1,0,2013-12-28,No,0,-1,0,1,-1,-1,1
704,0,,2013-09-14,No,0,-1,-1,1,1,0,0
705,0,0,2013-10-30,No,0,0,0,0,0,-1,-1
706,-1,0,2013-05-22,No,0,-1,1,1,1,0,0
707,-1,0,2013-06-17,No,0,-1,1,1,1,1,1
708,-1,0,2013-07-16,No,0,-1,1,1,1,-1,2
709,1,0,2014-02-21,No,0,-1,1,-1,1,-1,0
710,0,0,2013-12-14,No,0,0,0,0,0,-1,0
711,-1,0,2013-07-01,No,0,,1,0,2,-1,-1
712,-1,0,2013-09-09,No,0,-1,1,-2,1,0,0
713,-1,2,2013-06-17,No,0,-1,1,1,-1,-1,-1
714,-1,0,2013-10-26,No,0,-1,1,1,1,-1,-1
715,3,0,2013-10-21,Yes,1,-1,1,1,1,-1,0
716,1,0,2013-07-04,No,0,-1,1,-1,1,1,1
717,-1,0,2014-03-17,No,0,-1,1,1,-1,-1,-1
718,-1,0,2014-02-11,Yes,1,-1,1,1,1,-1,1
719,-1,0,2013-10-19,Yes,1,-1,1,1,1,-1,1
720,1,0,2013-12-16,No,0,-1,1,1,-1,1,-1
721,-1,0,2013-12-26,No,0,-1,0,0,-1,-1,-1
722,-1,0,2013-11-26,No,0,-1,1,1,1,-1,-3
723,0,0,2013-09-20,No,0,-1,-1,1,1,1,-1
724,-1,0,2013-09-10,No,0,-1,-1,0,-1,-1,0
725,1,0,2013-09-08,No,0,-1,1,-1,1,1,1
726,-1,0,2013-11-05,No,0,-1,,0,-1,-1,0
727,1,0,2013-11-21,No,0,-1,1,-1,1,1,0
728,1,0,2013-10-15,No,0,-1,1,-1,1,0,0
729,1,0,2013-11-05,No,0,-1,0,1,-1,1,-1
730,-1,0,2013-07-07,No,0,-1,1,1,1,-2,0
731,-1,0,2013-05-12,No,0,-1,1,1,-1,0,-1
732,1,0,2013-08-19,No,-2,-1,0,1,-1,1,-1
733,-1,0,2013-10-18,No,0,-1,1,,1,1,-1
734,1,0,2014-01-10,No,0,-1,0,1,-1,1,-1
735,1,0,2014-02-10,No,0,3,1,-1,1,-1,-1
736,1,0,2013-11-13,No,0,-1,-1,1,-1,1,-1
737,-1,0,2013-11-14,No,0,0,,0,-1,-1,-1
738,-1,0,2013-09-04,No,-2,-1,1,1,1,1,1
739,0,0,2014-01-17,No,,0,-1,0,0,0,-1
740,-1,0,2014-02-03,No,,-1,1,1,1,0,0
741,-1,0,2013-06-04,Yes,1,-1,1,1,1,-1,0
742,-1,0,2014-03-19,No,0,0,-1,0,-1,-1,0
743,,0,2014-01-03,No,0,-1,-1,1,-1,0,0
744,-1,1,2013-11-14,Yes,1,-1,1,-1,-3,0,-1
745,-1,1,2014-02-03,No,0,,-1,0,1,0,-1
746,-1,1,2013-12-15,No,0,-1,0,1,-1,1,-1
747,1,1,2013-11-23,No,0,-1,0,-1,-1,1,0
748,-1,1,2014-03-09,No,0,-1,-1,0,-1,1,-2
749,1,1,2013-06-27,No,0,-1,1,0,1,0,-1
750,-1,1,2013-09-03,No,0,1,-1,-1,-1,0,-1
751,0,1,2014-04-16,Yes,1,0,1,-1,0,1,0
752,-1,1,2014-02-16,No,0,0,-1,0,-1,1,0
753,1,-3,2013-10-18,No,0,0,0,-1,0,1,-1
754,0,1,2013-06-03,No,0,1,-1,0,1,0,2
755,-1,1,2013-09-24,No,0,-1,-1,1,0,1,-1
756,1,1,2013-06-27,No,0,0,-1,0,-1,1,-1
757,0,1,2014-04-03,No,0,0,-1,,0,1,0
758,-1,1,2014-03-27,No,0,-1,-3,-1,-1,-1,-1
759,-1,1,2014-04-02,No,0,-1,0,0,1,0,0
760,-1,1,2014-04-19,No,0,-1,0,0,-1,1,0
761,-1,1,2013-05-25,No,0,-1,-1,1,-1,1,-1
762,1,1,2013-08-23,No,0,0,0,-1,0,1,-1
763,-1,1,2013-12-28,No,0,0,1,,-1,0,-1
764,-1,1,2014-02-23,No,,-1,-1,1,-1,0,-1
765,-1,1,2013-07-17,No,0,-2,-1,0,1,0,-1
766,0,1,2013-10-11,No,0,1,-1,0,1,0,-1
767,-1,1,2013-12-25,No,0,1,0,1,-1,1,-1
768,-1,1,2013-11-19,No,0,0,0,0,-1,1,-1
769,1,1,2013-06-27,No,0,0,0,0,0,0,0
770,-1,1,2013-08-18,No,2,-1,0,0,-1,0,-1
771,1,1,2014-03-03,Yes,1,-2,1,0,0,0,0
772,-1,1,2014-04-12,No,0,1,-1,0,-1,1,-1
773,1,-2,2013-08-15,No,0,1,-1,0,-1,0,-1
774,-1,2,2014-01-23,No,0,-1,-1,1,1,0,-1
775,-1,1,2013-10-02,No,0,-1,-1,1,-1,2,0
776,-1,1,2014-03-14,No,0,-1,-1,-1,-1,1,0
777,-1,1,2013-12-08,No,0,-1,-1,-1,-1,-2,0
778,1,1,2014-04-21,No,0,0,1,-1,0,0,
779,3,1,2013-05-13,No,0,1,-1,1,-1,1,-1
780,-1,1,2013-05-02,No,0,-1,0,-1,-1,0,
781,-1,1,2013-11-05,No,0,0,0,-1,-1,1,0
782,0,1,2013-05-25,Yes,1,0,1,-1,0,0,-1
783,1,,2013-08-27,No,0,1,-1,0,-1,-1,-1
784,1,1,2014-04-11,Yes,1,0,0,1,0,-1,0
785,1,1,2013-08-20,No,0,2,1,0,-1,-1,-1
786,-1,1,2014-01-21,No,0,-1,0,-1,-1,0,0
787,-1,1,2013-06-26,No,0,-1,0,-1,-1,1,-1
788,0,1,2013-06-15,No,0,1,1,0,1,-1,-1
789,-1,1,2013-10-06,No,0,-1,-1,-1,2,-1,0
790,-1,1,2014-02-26,Yes,1,-1,1,0,-1,0,-1
791,-1,1,2014-02-22,No,0,-1,-1,0,-1,0,-1
792,1,1,2013-08-20,No,,-1,-1,-1,-1,1,0
793,-1,1,2014-04-03,No,0,-1,0,-1,-1,1,0
794,-1,1,2013-06-12,No,0,-2,0,0,-1,0,0
795,-1,1,2013-07-29,No,0,1,0,-1,-1,0,-1
796,-1,1,2013-06-13,No,0,-1,-1,-1,-1,1,-1
797,0,1,2013-07-09,No,0,-1,0,1,-1,1,3
798,-1,1,2013-05-09,No,0,1,-1,0,1,0,0
799,-1,1,2014-04-12,No,0,-1,1,2,1,-1,-1
800,1,1,2013-04-22,Yes,1,1,1,1,-1,0,-1
801,0,1,2013-11-29,No,0,0,-1,1,0,1,-1
802,-3,1,2013-06-16,No,0,-1,1,-1,-1,1,-1
803,-1,1,2014-01-15,No,0,-1,-1,1,1,0,0
804,-1,1,2013-05-01,No,,1,0,0,-1,0,-1
805,-1,1,2014-02-13,No,0,,-1,-1,-1,1,0
806,-1,,2014-01-07,No,0,-1,-1,1,-1,0,-1
807,1,1,2014-02-21,No,0,0,-1,-1,0,1,
808,-1,1,2014-03-23,No,0,-1,-1,1,1,0,-1
809,-1,1,2013-05-30,No,0,-1,0,0,1,-1,-1
810,0,1,2013-07-28,No,0,0,0,-1,0,-1,3
811,1,1,2013-05-30,No,0,1,0,0,-1,-1,-1
812,1,1,2014-03-03,No,0,1,-2,0,-1,1,0
813,-1,1,2013-11-10,No,0,-1,0,0,3,1,-1
814,-1,1,2013-05-29,No,0,-1,-1,0,1,1,-1
815,-1,1,2014-02-17,No,0,-1,0,1,-1,-1,0
816,1,1,2013-04-23,No,0,-1,0,-1,-1,1,0
817,-1,1,2013-08-13,Yes,1,-1,1,1,-1,-1,-1
818,-3,1,2013-05-16,No,0,0,0,-1,0,-1,-1
819,1,1,2013-11-14,Yes,1,0,1,-1,0,0,0
820,0,1,2014-01-29,No,0,0,0,-1,0,1,-1
821,0,1,2013-08-09,Yes,1,0,1,1,0,0,-1
822,-1,1,2013-09-09,No,0,0,-1,0,1,1,-1
823,0,1,2013-07-24,No,0,-1,1,1,-1,1,-1
824,-1,1,2013-05-30,No,0,0,-1,1,-1,1,-1
825,-1,1,2013-05-19,No,0,-1,-1,0,1,0,-1
826,-1,1,2014-02-06,No,0,-1,0,0,1,0,-1
827,,1,2013-05-17,No,0,1,0,0,1,1,-1
828,-1,1,2013-06-25,Yes,1,0,1,,-1,1,-1
829,1,1,2014-01-21,No,0,0,-1,-1,0,-1,0
830,1,1,2014-01-10,No,0,0,1,1,0,-1,0
831,-1,1,2013-08-19,No,0,-1,0,0,3,0,0
832,-1,1,2014-01-16,No,0,-1,,-1,-1,-1,-2
833,1,1,2013-12-15,No,0,0,0,-1,0,-1,-1
834,1,1,2014-03-24,No,0,0,-1,-1,0,0,0
835,-1,1,2014-04-21,Yes,2,0,1,1,-1,0,-1
836,-1,1,2014-01-03,No,0,-1,0,-1,-1,2,-1
837,1,1,2013-10-22,No,0,0,1,2,0,0,0
838,-1,1,2013-07-09,No,0,0,-1,1,-1,1,-1
839,1,1,2013-10-15,No,0,0,-1,-1,,-1,-1
840,-1,1,2013-08-25,No,-3,0,-1,0,-1,1,-1
841,-1,1,2013-10-30,No,0,,0,0,-1,-1,0
842,0,1,2013-06-21,No,0,0,0,-1,0,0,0
843,-1,1,2013-10-03,No,0,0,0,0,-2,1,0
844,-1,1,2014-03-31,No,0,0,3,0,-1,1,-1
845,1,1,2014-02-01,No,0,1,1,0,1,-1,-1
846,-1,1,2014-02-05,Yes,1,-1,-1,0,1,-1,-1
847,-1,1,2013-10-05,No,0,-1,-1,0,-1,0,-1
848,-1,1,2014-02-03,No,0,-1,0,1,-1,-3,0
849,-1,1,2013-06-23,Yes,1,0,1,-1,-1,-1,0
850,-1,1,2013-07-12,No,0,-1,0,1,-1,1,-1
851,1,1,2013-05-06,No,0,0,-1,-1,0,1,-1
852,-1,1,2013-05-07,No,-2,0,1,-1,-1,1,-1
853,-1,1,2014-03-15,No,0,-1,-1,1,-1,0,-1
854,-1,1,2013-08-21,No,0,-1,0,1,-1,0,0
855,-1,1,2013-08-15,No,0,0,-1,1,-1,0,-1
856,-1,1,2013-11-10,No,0,-1,-1,-1,-1,1,-1
857,-1,1,2014-04-05,No,0,0,0,0,,0,0
858,-1,,2014-01-30,No,0,-1,-1,3,-1,1,0
859,-1,1,2013-12-04,No,0,-1,1,0,1,0,-1
860,0,1,2013-12-19,No,0,0,0,-1,0,1,-1
861,-1,1,2014-03-18,No,0,0,1,-1,-1,-1,0
862,-1,1,2013-10-09,No,0,-1,-1,0,-1,0,-1
863,-1,1,2013-06-25,No,0,0,-1,-1,-1,1,-1
864,,1,2014-01-11,No,0,0,-1,-1,0,1,0
865,-1,1,2013-04-21,No,0,0,-1,-1,-1,-1,-1
866,-1,1,2013-05-01,No,0,-1,,-1,-1,0,-1
867,1,1,2013-05-07,No,0,0,0,0,0,-1,3
868,0,1,2013-06-25,No,0,-1,0,1,-1,1,-1
869,-1,1,2013-07-26,No,0,-1,0,0,-1,1,0
870,1,,2014-03-11,No,0,1,0,-1,-1,0,0
871,-1,1,2014-02-04,No,0,0,-1,1,1,1,-1
872,1,1,2013-10-18,No,0,0,0,-1,0,1,0
873,-1,1,2013-09-25,Yes,1,0,3,-1,-1,-1,0
874,-1,1,2014-03-25,No,0,-1,-1,0,1,0,0
875,1,1,2013-11-11,No,0,-1,-1,-1,-1,0,-1
876,1,1,2013-10-30,No,0,0,0,-1,0,1,0
877,-1,1,2013-06-02,No,0,-1,0,-1,-1,1,0
878,-1,1,2014-02-11,No,0,-1,1,-1,-1,-1,-1
879,0,1,2013-06-11,No,0,0,1,1,0,1,-1
880,1,1,2013-07-22,No,0,0,-1,1,0,1,-1
881,-1,1,2014-03-10,No,0,-1,-1,-2,-1,,-1
882,-1,1,2013-07-18,No,0,-1,-1,-1,-1,0,-1
883,1,1,2013-07-13,No,0,-1,-3,-1,-1,1,0
884,-1,1,2013-12-08,Yes,1,-1,1,0,1,0,-2
885,-1,1,2013-12-30,No,0,-1,0,,3,1,-1
886,-1,1,2013-05-28,No,0,-1,0,-1,-1,0,0
887,-1,1,2013-09-07,No,0,-1,0,1,-1,0,0
888,1,1,2014-03-13,Yes,1,0,1,-1,0,1,-1
889,-1,1,2013-09-07,No,0,-1,-1,1,-1,0,
890,-1,1,2013-07-22,No,0,,1,0,1,1,-1
891,-1,1,2013-06-14,No,0,0,0,1,-1,0,0
892,1,1,2014-03-24,No,0,0,1,1,0,-1,-1
893,-1,1,2013-05-18,No,0,-1,0,0,1,-1,-1
894,-1,-3,2013-10-12,No,0,-1,-1,0,-1,,0
895,-1,1,2014-04-15,No,0,-1,-1,-1,-1,1,0
896,-1,1,2013-11-08,No,0,-1,-1,0,-1,1,-1
897,-1,1,2013-05-28,No,0,-1,-1,0,0,0,-1
898,1,1,2014-03-27,No,0,1,-1,1,-1,1,-1
899,0,1,2013-11-10,Yes,1,0,1,-1,0,,-1
900,-1,1,2014-03-18,Yes,1,-1,1,0,-1,0,-1
901,1,1,2013-04-26,No,0,0,0,1,-3,-1,-1
902,-1,1,2013-12-15,No,0,-1,-1,-1,,1,0
903,0,1,2014-03-25,No,0,-1,0,0,-1,0,-1
904,-1,1,2013-10-15,No,0,-1,-3,-1,-1,0,0
905,-1,1,2013-07-12,No,0,-1,0,-1,-1,-1,-1
906,0,1,2013-08-24,No,0,0,0,-1,0,1,0
907,1,1,2013-11-22,No,0,0,-1,-1,0,1,-1
908,,1,2013-12-09,No,0,0,-1,1,-1,1,-1
909,1,1,2013-09-09,No,0,0,-1,0,0,0,0
910,1,1,2014-01-14,No,0,1,-1,1,-1,1,-1
911,1,1,2014-03-22,No,0,-1,0,0,1,0,-1
912,-1,1,2014-01-15,No,0,-1,-1,,-1,0,0
913,1,1,2013-11-17,No,0,0,-1,1,-3,,0
914,-1,1,2014-03-31,Yes,1,-1,-1,1,-1,-1,-1
915,-1,1,2013-07-12,No,0,1,-1,0,1,1,-1
916,0,1,2014-01-21,No,0,0,0,-1,0,1,2
917,-1,1,2014-02-22,No,0,-1,0,-1,-1,-1,
918,1,1,2014-04-15,No,0,0,0,-1,0,-1,0
919,1,1,2013-12-04,No,0,0,,1,0,-1,-1
920,-1,2,2013-06-01,No,0,-1,,1,0,0,-1
921,-1,1,2014-03-05,No,0,-1,-1,-1,,1,0
922,-1,1,2013-11-23,No,0,0,0,-1,-1,0,0
923,-1,1,2013-12-04,No,0,0,0,0,-1,0,-1
924,-1,,2014-04-02,No,0,-1,-1,0,-1,0,-2
925,-1,1,2014-02-06,No,0,-1,-1,-1,-1,0,0
926,-1,1,2013-06-20,Yes,1,-1,0,1,-1,-1,0
927,-1,1,2014-02-27,No,0,-1,-1,-2,-1,0,0
928,1,1,2013-07-21,No,0,,1,-1,0,1,0
929,-1,1,2013-05-08,Yes,1,-1,1,0,-1,1,-1
930,1,1,2013-06-21,Yes,1,1,0,0,1,-1,-1
931,-1,1,2014-04-11,No,0,-1,-1,-1,-1,-1,0
932,1,1,2013-08-14,No,0,0,-1,0,0,1,0
933,-1,1,2013-08-08,No,0,-1,,0,-3,0,-1
934,-1,1,2013-09-28,No,0,0,0,-1,-1,-1,0
935,-1,1,2013-11-10,No,0,3,0,0,1,,-1
936,1,1,2014-02-18,No,0,-1,1,1,,-1,0
937,-1,1,2014-04-07,No,0,0,-1,-1,-1,1,0
938,0,1,2014-01-19,No,-2,0,-1,-1,0,1,0
939,-1,1,2013-09-21,No,0,3,-1,0,,1,-1
940,1,1,2013-06-02,No,0,0,-1,1,0,0,0
941,-1,1,2013-09-17,No,0,-1,0,0,-1,0,-1
942,-1,1,2013-10-11,No,0,0,1,,-1,-1,-1
943,1,1,2013-07-09,No,0,0,-1,-1,0,0,-1
944,-1,1,2013-12-12,No,0,-1,0,-1,3,0,-1
945,1,1,2013-12-13,No,0,0,-1,0,0,-1,-1
946,1,1,2013-08-06,No,,1,0,1,-1,1,-1
947,-1,1,2013-06-04,No,0,0,0,0,1,0,-1
948,0,1,2013-06-13,No,0,0,-1,-1,0,0,0
949,-1,1,2013-07-09,No,0,-1,-1,-1,1,1,0
950,-1,1,2013-04-28,No,3,-1,0,0,-1,0,0
951,1,1,2014-01-27,No,,0,-1,-1,0,0,-1
952,-1,-2,2013-12-01,Yes,1,-1,-1,1,-1,0,-1
953,1,1,2014-02-23,No,0,0,0,0,0,1,-1
954,-1,1,2013-07-11,No,0,-1,0,0,-1,0,0
955,-1,1,2013-08-08,No,0,-1,0,0,-1,1,-1
956,1,1,2013-08-30,No,0,0,0,0,0,0,-1
957,1,1,2014-04-20,No,0,0,0,-1,0,1,0
958,-1,,2013-06-06,No,0,-1,-1,1,1,1,-1
959,1,1,2013-07-24,No,0,0,0,-1,0,-1,2
960,-1,1,2013-05-18,No,0,0,-1,-1,-1,1,-1
961,-1,1,2013-08-05,No,0,-1,0,-1,-1,1,-1
962,-1,1,2014-02-06,No,0,-1,0,-1,-1,1,0
963,-1,1,2013-10-26,No,0,0,1,0,1,0,
964,-1,1,2013-08-01,No,0,-1,-1,0,-2,0,-1
965,-1,1,2013-06-05,No,0,-1,-1,3,-1,1,-1
966,-1,1,2013-10-07,No,0,-1,-1,-1,-1,0,-1
967,-1,1,2013-12-06,No,0,0,-1,,-1,0,-1
968,-1,1,2014-04-14,No,0,0,0,-1,-1,-1,-1
969,-1,1,2013-05-19,No,0,-1,0,-1,-1,1,0
970,-1,1,2013-09-26,No,0,-1,-3,1,-1,0,-1
971,-1,1,2013-12-26,No,0,-1,0,-1,-1,0,-1
972,-1,-3,2013-08-06,No,0,-1,-1,,-1,1,-1
973,-1,1,2014-01-23,No,0,-1,-1,1,-1,0,0
974,-1,1,2013-05-01,No,0,0,0,1,-1,0,-1
975,1,1,2013-05-03,No,0,-1,-1,0,-1,0,0
976,-1,1,2013-09-13,No,0,-1,0,1,-1,-1,-1
977,1,2,2013-12-28,No,0,0,0,0,0,-1,-1
978,0,1,2013-08-26,No,0,-1,-1,0,1,-3,-1
979,-1,1,2014-01-18,No,0,0,0,,-1,-3,-1
980,-1,1,2014-01-23,No,0,-2,0,-1,,1,0
981,0,1,2013-12-09,Yes,1,-3,1,-1,0,0,-1
982,1,1,2013-05-10,No,0,0,0,0,0,1,-1
983,-1,1,2013-05-26,No,0,-1,0,0,-1,1,-1
984,,1,2013-12-24,Yes,1,0,1,-1,-1,1,-1
985,-1,-2,2013-10-18,No,0,,-1,1,1,1,-1
986,-1,1,2013-06-17,No,0,0,-1,0,-1,1,0
987,-1,1,2013-12-27,No,0,-1,-1,1,1,-2,-1
988,-1,1,2014-03-17,No,0,-1,0,2,-1,0,-1
989,1,1,2013-12-29,No,0,0,-1,-1,0,0,-1
990,1,1,2014-01-04,No,0,0,0,-1,0,1,0
991,1,1,2013-08-23,Yes,1,0,0,1,0,,0
992,1,1,2013-07-02,No,0,0,0,0,0,-1,
993,-1,1,2013-12-01,No,0,-1,0,2,-1,1,0
994,-1,1,2014-02-08,No,0,-1,-1,1,-1,1,-2
995,-1,1,2013-12-01,No,0,-1,0,0,-1,1,-1
996,1,1,2013-05-30,No,0,-1,0,-1,-1,0,-1
997,-1,1,2013-12-07,No,0,-1,0,1,-1,,-1
998,1,1,2013-07-29,No,0,0,0,-1,0,0,0
999,-1,1,2013-06-23,No,0,0,0,-1,-1,-1,-1
1000,-1,1,2013-10-01,No,2,-1,0,-1,-1,1,0
1001,-1,1,2013-06-14,No,0,-1,0,-1,-1,0,-1
1002,-1,1,2014-03-27,No,0,-1,-1,0,-1,-1,-1
1003,1,1,2013-09-05,No,0,0,0,-1,0,1,-1
1004,1,1,2013-05-22,No,,0,0,-2,0,0,-1
1005,0,1,2014-02-17,No,,0,1,-1,0,1,-1
1006,1,1,2013-06-21,No,,0,1,-1,0,1,-1
1007,-1,1,2013-05-12,No,0,-1,-1,0,-1,-3,-1
1008,-1,1,2013-12-22,No,0,-1,-1,1,-1,0,-1
1009,-1,1,2013-05-08,No,0,-1,0,-1,-1,0,-1
1010,-1,1,2014-01-22,No,0,-1,0,0,-1,,0
1011,-1,1,2013-12-07,Yes,1,-1,1,0,-1,0,0
1012,1,1,2013-12-01,No,0,1,-1,0,1,-1,-1
1013,1,,2013-07-30,No,0,0,0,-1,0,1,-1
1014,1,1,2013-05-22,No,0,0,0,-1,0,1,0
1015,-1,3,2013-05-07,No,0,-1,-1,0,1,-1,-1
1016,-1,1,2013-09-13,Yes,1,0,3,1,-1,0,
1017,-1,1,2013-07-21,No,0,,0,0,-1,0,-1
1018,-1,1,2013-10-12,No,,-1,0,0,-1,0,-1
1019,-1,,2013-10-29,No,0,1,-1,-1,-1,1,0
1020,1,1,2014-03-15,No,0,1,0,-1,1,1,-1
1021,-1,1,2013-06-15,No,0,-1,-1,0,1,1,-1
1022,-1,1,2013-11-14,No,0,-1,0,0,-1,1,-1
1023,,2,2013-12-03,No,0,-1,0,-1,-1,1,-1
1024,-1,1,2013-05-29,No,0,-1,-1,0,-1,1,0
1025,1,,2013-09-26,No,0,0,0,1,0,1,0
1026,-1,1,2013-08-05,No,0,,-1,1,-1,-1,-1
1027,-1,1,2013-12-28,No,0,-1,-1,-1,-1,0,-1
1028,1,1,2013-12-23,No,0,-1,0,1,-1,-2,-1
1029,0,1,2013-10-13,Yes,1,0,1,-1,0,0,0
1030,-1,1,2013-11-12,No,0,-1,0,0,1,0,-1
1031,-1,,2013-07-18,No,0,-1,-1,3,-1,-1,0
1032,-1,2,2014-03-13,No,0,-1,0,0,-1,0,-1
1033,1,1,2013-07-23,No,0,1,1,1,1,1,-1
1034,1,1,2013-08-12,No,0,1,0,0,1,0,0
1035,1,1,2014-01-27,No,0,-1,-1,-1,-1,0,0
1036,-1,1,2013-12-03,No,0,-1,-1,1,1,0,-1
1037,-1,1,2014-04-14,No,0,0,-1,0,1,1,-1
1038,-1,1,2014-04-09,No,0,-1,0,0,-1,0,-1
1039,1,1,2014-02-24,No,0,1,-1,0,-1,0,-1
1040,-1,1,2013-10-29,No,0,-1,0,-1,-1,0,0
1041,-1,1,2013-09-12,No,0,-1,-1,1,-1,1,-1
1042,1,1,2014-01-14,No,0,0,0,-1,0,1,0
1043,-1,1,2013-08-12,No,-3,-1,-1,1,1,1,0
1044,,1,2013-07-05,No,0,0,0,1,-1,-2,-1
1045,1,1,2014-03-12,No,0,0,-1,-1,0,1,-1
1046,1,1,2014-01-24,No,0,0,0,0,0,-1,-1
1047,1,1,2013-06-28,No,0,1,-1,0,1,0,-1
1048,-2,1,2013-11-14,No,0,-1,-1,-1,-1,0,0
1049,-1,1,2013-07-27,No,0,0,-3,-1,-1,1,-1
1050,-1,1,2013-11-08,No,0,,0,-1,-1,0,-1
1051,-1,1,2013-09-15,No,0,-1,-3,-1,-1,,-1
1052,-1,1,2013-08-20,No,0,-3,-1,1,-1,1,-1
1053,-1,1,2014-04-01,No,0,-1,0,-1,-1,,-1
1054,-1,1,2014-01-20,No,0,-1,-1,0,-1,1,-1
1055,1,1,2013-10-28,No,0,1,-1,-1,1,1,0
1056,-1,1,2013-09-08,No,0,-1,0,-1,-1,-1,-1
1057,3,1,2014-01-03,No,0,0,0,-1,0,0,-1
1058,-1,1,2013-08-22,No,3,-1,-1,0,1,0,-1
1059,-1,1,2013-05-04,No,,0,0,0,-1,0,0
1060,-1,1,2013-12-03,No,0,-1,-1,0,,1,0
1061,-1,1,2013-10-03,Yes,1,0,1,-1,-1,1,-1
1062,,1,2014-04-17,No,0,0,-1,0,-1,1,-1
1063,-1,1,2013-07-07,No,0,-1,-1,-1,3,1,0
1064,-1,1,2013-10-20,No,0,1,-1,1,-1,1,-1
1065,-1,-2,2014-01-27,No,0,-1,-1,-1,-1,0,0
1066,-1,1,2013-06-24,No,0,-1,0,-1,-1,1,0
1067,1,1,2014-02-02,No,0,,0,-1,3,0,-1
1068,-1,1,2013-11-19,No,0,0,1,-1,-1,,-1
1069,-1,1,2013-07-08,No,0,-1,-1,0,-1,0,-1
1070,-1,1,2013-08-11,No,0,-1,0,1,-1,0,
1071,1,1,2014-04-12,No,0,-1,0,-1,-1,1,-1
1072,-1,1,2013-12-27,No,0,,-1,-1,-1,-1,-1
1073,-1,1,2013-09-15,No,0,0,-1,0,-1,1,-1
1074,1,1,2014-01-24,No,0,0,-1,1,0,0,-1
1075,1,1,2014-04-08,Yes,1,-1,1,1,-1,2,0
1076,-1,1,2014-01-13,No,-2,-1,0,1,-1,0,-1
1077,1,1,2014-01-31,No,0,0,-1,-1,0,1,0
1078,-1,1,2013-07-21,No,0,-1,-1,-1,1,1,0
1079,-1,1,2013-10-17,No,0,,0,-1,-1,0,0
1080,1,1,2013-05-06,No,0,0,0,0,0,1,-1
1081,1,1,2013-07-28,No,0,0,-1,-1,0,-1,0
1082,1,1,2013-11-21,No,,1,0,-1,1,1,0
1083,1,1,2014-01-24,No,0,-1,-1,-1,-1,1,-1
1084,-1,1,2013-11-04,No,0,-1,-1,-1,-1,0,-1
1085,1,1,2013-09-18,No,0,0,0,-1,0,0,0
1086,-1,1,2014-01-03,No,0,0,2,0,-1,1,-1
1087,,1,2014-01-09,No,0,-1,0,-1,-1,-1,0
1088,1,1,2014-02-07,No,0,-1,-1,-1,-1,1,-1
1089,0,1,2013-11-24,No,0,-1,-1,1,-1,-2,0
1090,0,1,2013-08-29,No,0,-1,0,1,-1,1,0
1091,-1,1,2014-02-01,No,0,0,0,-1,-1,,0
1092,1,1,2013-05-02,No,0,0,,-1,0,-1,-1
1093,1,1,2013-10-31,No,0,1,-1,1,-1,1,-1
1094,-1,1,2013-09-12,No,0,-1,-1,0,1,1,-1
1095,,1,2013-08-20,No,0,-1,-1,0,-1,1,-1
1096,-1,1,2014-02-26,No,0,-1,0,-1,-1,1,0
1097,1,1,2013-11-28,No,0,-2,1,1,-1,1,-1
1098,1,1,2013-09-04,No,,1,-1,0,-1,1,-1
1099,1,1,2013-09-09,No,0,-1,-1,-1,-1,-1,0
1100,-1,1,2014-03-18,Yes,1,,1,-1,-1,0,0
1101,-1,1,2013-12-27,No,0,-1,-1,-1,-1,3,-1
1102,1,1,2013-07-01,No,0,0,0,0,-1,1,-1
1103,-1,1,2014-02-24,No,0,-1,0,1,-1,1,-1
1104,1,1,2013-11-05,No,0,0,0,-1,0,1,0
1105,1,3,2014-01-05,No,0,0,0,0,0,1,-1
1106,1,1,2014-03-23,No,,1,-1,-1,-1,1,0
1107,-1,1,2013-06-23,No,0,1,-1,0,1,0,0
1108,-1,1,2013-08-12,No,0,0,0,0,-1,1,-1
1109,-1,1,2013-05-18,No,0,3,0,-1,-1,0,-1
1110,0,1,2014-02-03,No,0,-1,-1,0,-1,2,-1
1111,,1,2013-08-13,Yes,1,-3,1,1,-1,0,0
1112,-1,1,2013-07-24,No,0,-1,0,0,-1,0,-1
1113,1,1,2014-04-01,No,2,1,-1,,-1,1,-1
1114,1,1,2013-09-13,No,0,1,1,-1,-1,1,0
1115,-1,1,2013-08-17,No,0,-1,-1,0,1,3,-1
1116,-1,1,2014-02-26,No,0,-1,-1,0,-1,0,
1117,-1,1,2014-02-09,No,0,-1,1,0,1,0,-1
1118,-1,1,2013-05-11,No,0,0,0,-1,-1,1,-1
1119,-1,1,2013-06-05,No,0,-1,0,0,1,0,-1
1120,1,2,2013-10-16,No,0,0,0,,0,1,0
1121,1,1,2013-10-08,No,0,0,0,-1,0,0,-1
1122,1,1,2014-04-02,No,0,,0,0,0,0,0
1123,-1,1,2013-07-17,No,0,-3,0,-1,-1,,0
1124,-1,1,2013-07-01,No,0,-1,0,-1,-1,-1,0
1125,-1,1,2014-03-28,No,0,0,0,-1,-1,0,-1
1126,1,1,2013-09-23,No,0,-1,0,0,-1,-1,-1
1127,-1,1,2013-06-12,No,0,,0,1,-1,0,-1
1128,1,1,2013-12-24,No,0,0,-1,,0,-1,0
1129,-1,2,2014-04-20,Yes,,1,1,-1,-1,1,-1
1130,1,1,2013-12-27,No,0,0,1,-1,0,-1,-1
1131,1,1,2014-01-16,No,0,0,0,-1,,1,0
1132,-1,1,2013-09-07,No,0,-1,1,2,-1,0,0
1133,-1,1,2013-11-14,No,0,-1,0,1,-1,0,-3
1134,-1,3,2013-07-08,No,0,1,-1,1,-1,1,-1
1135,-1,1,2014-02-23,No,0,-1,-1,1,-1,1,-1
1136,1,1,2013-06-17,No,0,-1,1,0,1,-1,-1
1137,1,1,2013-05-06,No,0,0,-1,0,1,-1,-1
1138,-1,1,2013-07-02,No,0,-1,1,-1,-1,0,-1
1139,0,-3,2013-10-25,No,0,-1,-1,1,-1,0,-1
1140,0,1,2014-01-14,No,0,0,0,-1,0,-1,-1
1141,-1,1,2013-05-13,No,0,-1,0,-1,-1,1,0
1142,,1,2013-08-25,No,0,-1,-1,-1,-1,0,0
1143,,1,2013-07-31,No,0,0,-1,-1,-1,1,0
1144,1,1,2013-05-25,No,0,3,1,0,-1,-1,-1
1145,1,1,2013-10-08,No,0,-1,,0,1,-1,-1
1146,-1,1,2014-03-26,No,0,-1,0,0,-1,0,-1
1147,-1,1,2013-06-11,No,0,-1,0,-1,-1,1,-1
1148,-1,1,2013-09-07,No,0,-1,0,-2,-1,0,0
1149,1,1,2014-04-16,No,0,-1,-1,1,1,0,-1
1150,-1,1,2013-12-11,No,0,-1,-1,0,1,0,-1
1151,1,1,2013-09-14,No,0,-1,1,-3,-1,1,-1
1152,-1,1,2013-06-14,No,0,0,-1,0,,0,-1
1153,-1,1,2013-08-16,No,0,-1,0,0,,1,-1
1154,1,1,2013-09-19,No,0,0,0,-1,0,0,
1155,-1,1,2013-05-20,No,0,0,-1,0,-1,0,0
1156,-1,1,2013-05-04,No,0,-1,-1,0,-1,0,-1
1157,-1,1,2013-06-06,No,0,0,0,-1,-1,-3,-1
1158,-1,1,2014-02-19,No,0,0,-3,0,-1,1,-1
1159,1,1,2013-08-19,No,0,0,0,-1,0,1,3
1160,,1,2014-04-14,No,0,0,0,-1,0,-1,-1
1161,1,3,2014-02-01,No,0,0,1,1,-1,1,-1
1162,-1,1,2013-07-26,No,0,-1,0,-1,-1,0,0
1163,-3,1,2013-06-29,No,0,0,0,-1,0,0,-1
1164,-1,1,2014-03-17,No,0,-1,-1,-1,-1,0,-1
1165,-1,1,2014-04-13,No,0,-1,-1,-1,-1,-1,-1
1166,1,1,2013-05-18,No,0,-1,0,-1,-1,1,0
1167,0,1,2013-06-01,No,,0,-1,-1,0,1,0
1168,-1,1,2013-10-10,No,0,0,-1,0,1,1,-1
1169,1,1,2014-04-08,No,0,-1,,-1,-1,1,3
1170,0,1,2013-08-22,No,0,0,-2,-1,0,0,-1
1171,-1,1,2014-01-16,No,0,0,0,-1,-1,1,-1
1172,0,1,2014-04-16,No,0,0,0,-1,0,0,-1
1173,-1,1,2013-07-14,No,0,-1,0,-1,-1,,0
1174,-1,1,2014-02-06,No,0,0,0,-1,-1,-1,-1
1175,-1,1,2014-04-12,No,0,-1,0,-1,-1,1,-1
1176,-1,1,2013-08-11,No,0,-1,2,-1,-1,0,-1
1177,-1,1,2013-11-13,No,0,0,-1,0,,1,0
1178,-1,1,2014-03-16,Yes,1,-1,1,1,-1,0,-1
1179,-1,1,2013-08-10,No,0,-1,-1,1,-1,1,-1
1180,-1,1,2013-04-26,No,0,-3,-1,1,1,0,-1
1181,-1,1,2013-09-23,No,0,-1,0,0,-1,0,-1
1182,-1,1,2013-10-21,No,0,0,-1,0,-1,1,0
1183,-1,1,2013-12-16,No,0,-1,-1,-1,,0,0
1184,-1,1,2013-05-21,No,0,-1,-1,1,-1,-1,-1
1185,1,1,2014-01-17,Yes,1,0,1,-1,0,1,-1
1186,-1,1,2014-04-21,No,0,0,0,1,-1,-1,-1
1187,0,3,2014-01-20,No,0,-1,-1,1,-1,0,0
1188,-1,1,2013-05-29,Yes,1,0,1,1,-2,0,0
1189,1,1,2013-08-22,Yes,1,0,1,-1,0,0,3
1190,1,1,2013-05-21,No,0,0,0,-1,0,-1,0
1191,-1,1,2013-10-21,No,0,-1,0,-1,-1,2,
1192,-1,1,2013-08-07,No,-3,-1,,-1,-1,1,0
1193,-1,1,2013-06-07,No,0,-1,-1,1,-1,0,0
1194,-1,1,2013-12-16,No,0,-1,0,-1,-1,0,-1
1195,-1,1,2013-07-06,No,0,-1,-1,1,1,1,
1196,-1,1,2013-07-27,No,-3,-1,0,-1,-1,1,-1
1197,-2,1,2013-09-17,Yes,1,0,,-1,-1,-1,-1
1198,-1,1,2014-03-01,No,0,,-1,1,-1,0,-1
1199,-1,1,2013-12-31,Yes,1,0,3,-1,,-1,-1
1200,0,1,2013-07-08,No,0,0,0,-1,0,-1,0
1201,-1,1,2013-10-03,No,0,-1,2,0,1,0,-1
1202,-1,,2013-09-27,No,0,0,0,-1,-1,0,0
1203,-1,1,2013-09-20,No,0,-1,0,0,-2,1,-1
1204,-1,1,2013-09-10,Yes,1,-1,1,-1,-1,0,-1
1205,1,1,2014-02-25,No,0,,-1,-1,0,0,0
1206,0,1,2013-06-07,Yes,1,,1,1,0,-1,0
1207,1,1,2014-03-22,No,0,0,1,1,-1,1,-1
1208,1,1,2013-07-16,No,0,0,0,0,0,1,-1
1209,-1,1,2013-06-03,No,0,0,-1,0,1,1,
1210,0,1,2014-04-10,No,0,-1,-1,-3,-1,1,-1
1211,-1,1,2013-09-25,Yes,1,0,,1,-1,-1,-1
1212,0,1,2013-06-01,No,0,-1,-1,1,-1,0,-1
1213,-1,1,2014-04-12,No,0,-1,-1,1,-1,0,0
1214,1,1,2013-07-18,Yes,1,1,-1,0,1,-1,
1215,-1,1,2013-05-18,No,0,0,0,-1,-1,0,-1
1216,1,1,2013-12-01,No,0,0,0,0,0,0,-1
1217,1,1,2013-05-27,No,0,1,,0,1,0,-1
1218,-1,1,2013-07-18,No,0,-1,1,-1,,0,-1
1219,-1,1,2013-10-10,No,0,-1,-1,-1,-1,0,-1
1220,-1,1,2013-07-26,No,0,-1,-1,-1,-1,0,0
1221,1,1,2013-11-18,No,0,0,1,-1,0,1,-3
1222,-3,1,2013-05-30,No,0,-1,0,1,-1,0,-1
1223,-1,,2013-12-14,No,0,0,0,1,-1,0,-1
1224,-1,1,2013-04-21,No,-3,-1,,0,-1,0,-1
1225,-1,1,2013-04-28,Yes,1,-1,1,-1,-1,1,0
1226,-1,1,2013-06-27,No,0,0,1,-1,-1,0,-1
1227,-1,1,2014-04-04,No,0,0,1,1,-1,0,-1
1228,1,1,2013-05-18,No,0,0,-1,-1,0,-1,-1
1229,1,1,2013-09-21,No,0,-1,-1,-1,2,1,0
1230,1,1,2013-08-12,Yes,1,0,1,0,0,1,-1
1231,1,1,2013-06-13,No,0,1,1,0,1,-1,-1
1232,-1,1,2013-06-08,No,0,-1,-1,0,1,-1,-1
1233,-1,1,2014-02-11,No,0,-1,-2,0,-1,1,-1
1234,-1,1,2013-12-20,No,0,-3,0,-1,-1,0,-1
1235,-1,1,2014-02-24,No,0,-1,0,0,-1,1,2
1236,-1,1,2014-02-15,No,0,-1,-1,1,-1,1,-1
1237,1,1,2013-10-27,No,0,0,0,-1,0,0,-1
1238,-1,1,2014-03-08,No,0,-1,0,0,1,1,-1
1239,-1,1,2014-01-05,No,0,-1,-1,1,-1,1,0
1240,0,1,2013-06-21,No,0,0,-1,1,0,-1,-1
1241,0,1,2013-07-18,No,0,0,1,-1,0,1,0
1242,1,1,2013-05-26,No,0,0,-1,1,0,1,-1
1243,-1,1,2013-09-25,No,0,-1,0,0,-1,0,
1244,-1,1,2013-10-18,No,0,0,-1,1,-1,1,0
1245,0,1,2013-05-15,No,0,0,0,-1,0,1,0
1246,1,1,2013-09-22,No,0,-1,-1,-1,-1,1,0
1247,1,1,2013-06-01,No,0,-2,0,0,,0,0
1248,-1,1,2013-06-10,No,0,-1,-3,-1,-1,-1,-1
1249,,1,2013-12-03,No,0,-1,-1,-1,-1,0,0
